[{"model": "sessions.session", "pk": "8t25tnogv7o7mlk1m5heq96pibvvkrqd", "fields": {"session_data": ".eJxVjDsOwjAQBe_iGlne-BdT0nMGa3dt4wBypDipEHeHSCmgfTPzXiLitta49bzEKYmzAHH63Qj5kdsO0h3bbZY8t3WZSO6KPGiX1znl5-Vw_w4q9vqtLWhwULikhEiZkTnAaDyhAk9-MCprTsWRBaOt8nrg0RiHpNn44IJ4fwD-5Tfv:1uUgQy:jYFPvLc6YR_2XrwNdEH0FX24aZoKjiuvsX4s8uQClSw", "expire_date": "2025-07-10T06:50:08.168Z"}}, {"model": "sessions.session", "pk": "klrpcdc4qft1r9a2rhnk8hihdpybpj8l", "fields": {"session_data": ".eJxVjDsOwjAQBe_iGlne-BdT0nMGa3dt4wBypDipEHeHSCmgfTPzXiLitta49bzEKYmzAHH63Qj5kdsO0h3bbZY8t3WZSO6KPGiX1znl5-Vw_w4q9vqtLWhwULikhEiZkTnAaDyhAk9-MCprTsWRBaOt8nrg0RiHpNn44IJ4fwD-5Tfv:1ubaLT:qpNwc1P7USHDYzdHYDDs9HL-QFQPTdW_SZV3v2tmfog", "expire_date": "2025-07-29T07:44:59.043Z"}}, {"model": "user.user", "fields": {"password": "pbkdf2_sha256$600000$PtVDAL3348ZrBjLtAKjBpg$D7SKmVkHqVKt8isloX8Si8ITtRsG8Qu6Lbj950oJRMI=", "last_login": "2025-07-15T07:44:59.026Z", "is_superuser": true, "first_name": "", "last_name": "", "is_staff": true, "is_active": true, "date_joined": "2025-06-24T08:07:01.036Z", "email": "ubun@gmail.com", "username": "ubun", "role": "", "phone_number": null, "address": null, "email_otp": null, "email_otp_created_at": null, "is_email_verified": false, "groups": [], "user_permissions": []}}, {"model": "user.user", "fields": {"password": "pbkdf2_sha256$600000$krhQUFKiob1NjFx6fFKPk1$AqPrbBLnmz436NjFCIaXEeInPNkHSHtpcMLl6o/BqyU=", "last_login": "2025-06-24T08:07:24Z", "is_superuser": true, "first_name": "", "last_name": "", "is_staff": true, "is_active": true, "date_joined": "2025-06-24T08:07:12Z", "email": "win@gmail.com", "username": "win", "role": "admin", "phone_number": null, "address": "", "email_otp": null, "email_otp_created_at": null, "is_email_verified": true, "groups": [], "user_permissions": []}}, {"model": "user.user", "fields": {"password": "pbkdf2_sha256$600000$zPAdLgvmyTyITDrtA960dT$4DshNgfs5QnshKQ3DRI0GC83cPLcsPPTZcOCUldXXjI=", "last_login": null, "is_superuser": false, "first_name": "", "last_name": "", "is_staff": false, "is_active": true, "date_joined": "2025-06-24T10:07:11.379Z", "email": "e@mail.com", "username": "first", "role": "customer", "phone_number": "", "address": "new pune", "email_otp": null, "email_otp_created_at": null, "is_email_verified": false, "groups": [], "user_permissions": []}}, {"model": "user.user", "fields": {"password": "pbkdf2_sha256$600000$koRG7w86IWrTyGrMeXstZk$v/Nl23YCRCR9/l0R+IN7Todh1mr6GJGaU66hWkaRu6s=", "last_login": "2025-06-26T05:23:48Z", "is_superuser": false, "first_name": "", "last_name": "", "is_staff": false, "is_active": true, "date_joined": "2025-06-26T05:22:43Z", "email": "second@gmail.com", "username": "second", "role": "customer", "phone_number": null, "address": "new pune", "email_otp": null, "email_otp_created_at": null, "is_email_verified": true, "groups": [], "user_permissions": []}}, {"model": "user.user", "fields": {"password": "pbkdf2_sha256$600000$ww4mSKNWxAmrrGb6LgLUui$NhqLoFWW+9VvtuEKCQTlNTkbJG0hW/v9RrGLp22CLnc=", "last_login": null, "is_superuser": true, "first_name": "", "last_name": "", "is_staff": true, "is_active": true, "date_joined": "2025-06-26T06:01:45Z", "email": "ganeshp.py07@gmail.com", "username": "ganesh", "role": "customer", "phone_number": null, "address": "new pune", "email_otp": null, "email_otp_created_at": null, "is_email_verified": true, "groups": [], "user_permissions": []}}, {"model": "user.user", "fields": {"password": "pbkdf2_sha256$600000$HH69iESXwidRo02r1vAb5W$PIRvIrjeLtYNNa93VMAOujFRBwZAog5Ij2rrODSvywE=", "last_login": "2025-07-15T07:44:30.440Z", "is_superuser": false, "first_name": "", "last_name": "", "is_staff": true, "is_active": true, "date_joined": "2025-06-28T04:30:34Z", "email": "staff@gmail.com", "username": "staffuser", "role": "staff", "phone_number": null, "address": "", "email_otp": null, "email_otp_created_at": null, "is_email_verified": true, "groups": [], "user_permissions": []}}, {"model": "user.user", "fields": {"password": "pbkdf2_sha256$600000$AnNtSqbphMKzYjEyDxYsBY$UnRcwhJFWy+nPYl8O0INpGjhennLtIOEG6XoDPAfAVU=", "last_login": null, "is_superuser": false, "first_name": "", "last_name": "", "is_staff": false, "is_active": true, "date_joined": "2025-06-30T22:41:33.191Z", "email": "new@gmail.com", "username": "new", "role": "customer", "phone_number": null, "address": null, "email_otp": null, "email_otp_created_at": null, "is_email_verified": false, "groups": [], "user_permissions": []}}, {"model": "user.user", "fields": {"password": "pbkdf2_sha256$600000$8jYVfilCBsM5iIvcjhDFeA$A9SLjJZC27mYEANRIkEZbxfIGjjjS8kuKEkFjvB1gGs=", "last_login": null, "is_superuser": false, "first_name": "", "last_name": "", "is_staff": false, "is_active": true, "date_joined": "2025-07-01T04:19:02.078Z", "email": "new2@gmail.com", "username": "new2", "role": "customer", "phone_number": null, "address": "", "email_otp": null, "email_otp_created_at": null, "is_email_verified": false, "groups": [], "user_permissions": []}}, {"model": "user.user", "fields": {"password": "pbkdf2_sha256$600000$p6vQVqeoqd26cW7IcoOYcx$W+HYqgcZAEjAABik7ec86UJv9pOqS/UfpXO/sl9jTYo=", "last_login": null, "is_superuser": false, "first_name": "", "last_name": "", "is_staff": false, "is_active": true, "date_joined": "2025-07-01T04:19:23.822Z", "email": "new3@gmail.com", "username": "new2", "role": "customer", "phone_number": null, "address": "", "email_otp": null, "email_otp_created_at": null, "is_email_verified": false, "groups": [], "user_permissions": []}}, {"model": "user.user", "fields": {"password": "pbkdf2_sha256$600000$8Ba3kFYmHN5SK7eH5xwfLt$TCmsTdrZWY+P1UGu+D8UFDA0AXrKVKkc8cQvSmPbWa8=", "last_login": null, "is_superuser": false, "first_name": "", "last_name": "", "is_staff": false, "is_active": true, "date_joined": "2025-07-02T04:38:41Z", "email": "delivery@gmail.com", "username": "deliveryboy", "role": "delivery", "phone_number": null, "address": "", "email_otp": null, "email_otp_created_at": null, "is_email_verified": true, "groups": [], "user_permissions": []}}, {"model": "user.user", "fields": {"password": "pbkdf2_sha256$600000$KYWSjVIAg0weCWaSv8r3CV$IjOg7vwO8l8Lg6cHVKOWkrYSLrraV68JScgiUHK3bcE=", "last_login": null, "is_superuser": true, "first_name": "", "last_name": "", "is_staff": true, "is_active": true, "date_joined": "2025-07-19T07:35:26Z", "email": "admin@gmail.com", "username": "admin", "role": "admin", "phone_number": null, "address": "", "email_otp": null, "email_otp_created_at": null, "is_email_verified": true, "groups": [], "user_permissions": []}}, {"model": "product.product", "pk": 1, "fields": {"name": "Eggs Pack of 12", "description": "12 Eggs pack", "price": "120.00", "category": "eggs", "image": "product_images/egg12.jpeg", "delivery_time": 1, "is_available": true, "created_at": "2025-06-27T15:50:16.219Z"}}, {"model": "product.product", "pk": 2, "fields": {"name": "1 liter cow milk", "description": "", "price": "60.00", "category": "milk", "image": "product_images/milk1L_yrdaVk4.jpeg", "delivery_time": 1, "is_available": true, "created_at": "2025-06-27T16:08:31.283Z"}}, {"model": "product.product", "pk": 10, "fields": {"name": "lemon pickle (without oil) 500gm jar", "description": "jar of lemon pickle created from organic lemon, salt \r\nHome made", "price": "500.00", "category": "pickle", "image": "product_images/lemon-pickle.jpeg", "delivery_time": 7, "is_available": true, "created_at": "2025-06-30T06:19:53.260Z"}}, {"model": "product.product", "pk": 11, "fields": {"name": "mushroom 100gm", "description": "white mushroom high in protein", "price": "380.00", "category": "other", "image": "product_images/mushroom.jpeg", "delivery_time": 7, "is_available": true, "created_at": "2025-07-16T04:52:53.590Z"}}, {"model": "product.product", "pk": 12, "fields": {"name": "black mushroom 300gm", "description": "high in fat mushroom", "price": "300.00", "category": "other", "image": "product_images/mushroom-black.jpeg", "delivery_time": 7, "is_available": true, "created_at": "2025-07-16T04:56:31.381Z"}}, {"model": "product.product", "pk": 13, "fields": {"name": "cheeze 100gm", "description": "healthy cheeze", "price": "900.00", "category": "dairy", "image": "product_images/cheeze.jpeg", "delivery_time": 7, "is_available": true, "created_at": "2025-07-16T04:59:49.024Z"}}, {"model": "product.product", "pk": 14, "fields": {"name": "drumstick 500gm", "description": "organic drumstick high in nutrients", "price": "50.00", "category": "vegetable", "image": "product_images/drumstick.jpeg", "delivery_time": 7, "is_available": true, "created_at": "2025-07-16T05:07:39.931Z"}}, {"model": "product.product", "pk": 15, "fields": {"name": "custard apple 10 piece", "description": "organic custard apple", "price": "100.00", "category": "fruit", "image": "product_images/custardapple.jpeg", "delivery_time": 7, "is_available": true, "created_at": "2025-07-16T05:08:20.732Z"}}, {"model": "product.product", "pk": 16, "fields": {"name": "carrot 1kg", "description": "1kg of organic carrot", "price": "120.00", "category": "fruit", "image": "product_images/carrot.jpeg", "delivery_time": 7, "is_available": true, "created_at": "2025-07-16T05:08:55.999Z"}}, {"model": "order.order", "pk": 1, "fields": {"user": ["ubun@gmail.com"], "assigned_driver": ["win@gmail.com"], "assigned_driver_name": "win", "status": "assigned", "created_at": "2025-06-29T06:38:26.636Z", "total_price": "240.00", "is_paid": false, "payment_mode": "cash", "delivered_at": null}}, {"model": "order.order", "pk": 6, "fields": {"user": ["ubun@gmail.com"], "assigned_driver": ["delivery@gmail.com"], "assigned_driver_name": "deliveryboy", "status": "cancelled", "created_at": "2025-06-29T11:52:57.297Z", "total_price": "300.00", "is_paid": false, "payment_mode": "online", "delivered_at": null}}, {"model": "order.order", "pk": 7, "fields": {"user": ["ubun@gmail.com"], "assigned_driver": ["delivery@gmail.com"], "assigned_driver_name": "deliveryboy", "status": "delivered", "created_at": "2025-06-29T11:53:14.914Z", "total_price": "300.00", "is_paid": true, "payment_mode": "online", "delivered_at": null}}, {"model": "order.order", "pk": 9, "fields": {"user": ["second@gmail.com"], "assigned_driver": ["delivery@gmail.com"], "assigned_driver_name": "deliveryboy", "status": "delivered", "created_at": "2025-06-29T12:28:07.620Z", "total_price": "360.00", "is_paid": true, "payment_mode": "online", "delivered_at": "2025-07-15T10:33:27.645Z"}}, {"model": "order.order", "pk": 10, "fields": {"user": ["second@gmail.com"], "assigned_driver": ["delivery@gmail.com"], "assigned_driver_name": "deliveryboy", "status": "delivered", "created_at": "2025-06-29T12:38:32.733Z", "total_price": "1120.00", "is_paid": true, "payment_mode": null, "delivered_at": "2025-07-15T10:40:04.234Z"}}, {"model": "order.order", "pk": 11, "fields": {"user": ["ganeshp.py07@gmail.com"], "assigned_driver": ["delivery@gmail.com"], "assigned_driver_name": "deliveryboy", "status": "delivered", "created_at": "2025-07-01T08:38:45.336Z", "total_price": "1600.00", "is_paid": true, "payment_mode": null, "delivered_at": null}}, {"model": "order.order", "pk": 12, "fields": {"user": ["ganeshp.py07@gmail.com"], "assigned_driver": ["delivery@gmail.com"], "assigned_driver_name": "deliveryboy", "status": "delivered", "created_at": "2025-07-01T08:46:56.138Z", "total_price": "240.00", "is_paid": true, "payment_mode": null, "delivered_at": "2025-07-15T08:00:00Z"}}, {"model": "order.order", "pk": 14, "fields": {"user": ["second@gmail.com"], "assigned_driver": ["delivery@gmail.com"], "assigned_driver_name": "deliveryboy", "status": "assigned", "created_at": "2025-07-02T06:21:02.438Z", "total_price": "60.00", "is_paid": false, "payment_mode": null, "delivered_at": null}}, {"model": "order.order", "pk": 15, "fields": {"user": ["second@gmail.com"], "assigned_driver": null, "assigned_driver_name": null, "status": "draft", "created_at": "2025-07-16T10:52:48.283Z", "total_price": "2820.00", "is_paid": false, "payment_mode": null, "delivered_at": null}}, {"model": "order.orderitem", "pk": 1, "fields": {"order": 1, "product": 1, "product_name": "Eggs Pack of 12", "quantity": 2, "price": "240.00"}}, {"model": "order.orderitem", "pk": 6, "fields": {"order": 6, "product": 1, "product_name": "Eggs Pack of 12", "quantity": 2, "price": "240.00"}}, {"model": "order.orderitem", "pk": 7, "fields": {"order": 6, "product": 2, "product_name": "1 liter cow milk", "quantity": 1, "price": "60.00"}}, {"model": "order.orderitem", "pk": 8, "fields": {"order": 7, "product": 1, "product_name": "Eggs Pack of 12", "quantity": 2, "price": "240.00"}}, {"model": "order.orderitem", "pk": 9, "fields": {"order": 7, "product": 2, "product_name": "1 liter cow milk", "quantity": 1, "price": "60.00"}}, {"model": "order.orderitem", "pk": 15, "fields": {"order": 9, "product": 1, "product_name": "Eggs Pack of 12", "quantity": 3, "price": "360.00"}}, {"model": "order.orderitem", "pk": 16, "fields": {"order": 10, "product": 1, "product_name": "Eggs Pack of 12", "quantity": 1, "price": "120.00"}}, {"model": "order.orderitem", "pk": 19, "fields": {"order": 12, "product": 2, "product_name": "1 liter cow milk", "quantity": 4, "price": "240.00"}}, {"model": "order.orderitem", "pk": 24, "fields": {"order": 11, "product": 10, "product_name": "lemon pickle (without oil) 500gm jar", "quantity": 2, "price": "1000.00"}}, {"model": "order.orderitem", "pk": 28, "fields": {"order": 11, "product": 1, "product_name": "Eggs Pack of 12", "quantity": 3, "price": "360.00"}}, {"model": "order.orderitem", "pk": 29, "fields": {"order": 11, "product": 2, "product_name": "1 liter cow milk", "quantity": 4, "price": "240.00"}}, {"model": "order.orderitem", "pk": 30, "fields": {"order": 10, "product": 10, "product_name": "lemon pickle (without oil) 500gm jar", "quantity": 2, "price": "1000.00"}}, {"model": "order.orderitem", "pk": 31, "fields": {"order": 14, "product": 2, "product_name": "1 liter cow milk", "quantity": 1, "price": "60.00"}}, {"model": "order.orderitem", "pk": 32, "fields": {"order": 15, "product": 13, "product_name": "cheeze 100gm", "quantity": 3, "price": "2700.00"}}, {"model": "order.orderitem", "pk": 33, "fields": {"order": 15, "product": 16, "product_name": "carrot 1kg", "quantity": 1, "price": "120.00"}}, {"model": "payment.payment", "pk": 1, "fields": {"user": ["ganeshp.py07@gmail.com"], "payment_type": "delivery_ride", "related_order": 12, "amount": "12.00", "status": "pending", "paid_at": "2025-07-15T08:00:00.253Z", "remarks": null, "created_at": "2025-07-15T08:00:00.301Z"}}, {"model": "payment.payment", "pk": 2, "fields": {"user": ["delivery@gmail.com"], "payment_type": "delivery_ride", "related_order": 9, "amount": "18.00", "status": "paid", "paid_at": "2025-07-15T10:33:27Z", "remarks": "", "created_at": "2025-07-15T10:33:27.658Z"}}, {"model": "payment.payment", "pk": 3, "fields": {"user": ["delivery@gmail.com"], "payment_type": "delivery_ride", "related_order": 10, "amount": "56.00", "status": "pending", "paid_at": "2025-07-15T10:40:04.234Z", "remarks": null, "created_at": "2025-07-15T10:40:04.281Z"}}, {"model": "admin.logentry", "pk": 1, "fields": {"action_time": "2025-06-26T04:51:07.714Z", "user": ["ubun@gmail.com"], "content_type": ["user", "user"], "object_id": "2", "object_repr": "win@gmail.com", "action_flag": 2, "change_message": "[{\"changed\": {\"fields\": [\"Email\", \"Role\"]}}]"}}, {"model": "admin.logentry", "pk": 2, "fields": {"action_time": "2025-06-26T04:51:32.281Z", "user": ["ubun@gmail.com"], "content_type": ["user", "user"], "object_id": "2", "object_repr": "win@gmail.com", "action_flag": 2, "change_message": "[{\"changed\": {\"fields\": [\"Role\"]}}]"}}, {"model": "admin.logentry", "pk": 3, "fields": {"action_time": "2025-06-26T05:17:23.299Z", "user": ["ubun@gmail.com"], "content_type": ["user", "user"], "object_id": "4", "object_repr": "second@gmail.com", "action_flag": 2, "change_message": "[{\"changed\": {\"fields\": [\"Email\"]}}]"}}, {"model": "admin.logentry", "pk": 4, "fields": {"action_time": "2025-06-26T05:17:42.861Z", "user": ["ubun@gmail.com"], "content_type": ["user", "user"], "object_id": "4", "object_repr": "second@gmail.com", "action_flag": 2, "change_message": "[{\"changed\": {\"fields\": [\"Superuser status\"]}}]"}}, {"model": "admin.logentry", "pk": 5, "fields": {"action_time": "2025-06-26T05:19:52.965Z", "user": ["ubun@gmail.com"], "content_type": ["user", "user"], "object_id": "4", "object_repr": "second@gmail.com", "action_flag": 3, "change_message": ""}}, {"model": "admin.logentry", "pk": 6, "fields": {"action_time": "2025-06-26T05:20:12.435Z", "user": ["ubun@gmail.com"], "content_type": ["user", "user"], "object_id": "5", "object_repr": "second@mail.com", "action_flag": 2, "change_message": "[{\"changed\": {\"fields\": [\"Superuser status\", \"Staff status\"]}}]"}}, {"model": "admin.logentry", "pk": 7, "fields": {"action_time": "2025-06-26T05:22:24.251Z", "user": ["ubun@gmail.com"], "content_type": ["user", "user"], "object_id": "5", "object_repr": "second@gmail.com", "action_flag": 2, "change_message": "[{\"changed\": {\"fields\": [\"Email\"]}}]"}}, {"model": "admin.logentry", "pk": 8, "fields": {"action_time": "2025-06-26T05:22:33.882Z", "user": ["ubun@gmail.com"], "content_type": ["user", "user"], "object_id": "5", "object_repr": "second@gmail.com", "action_flag": 3, "change_message": ""}}, {"model": "admin.logentry", "pk": 9, "fields": {"action_time": "2025-06-26T05:23:00.278Z", "user": ["ubun@gmail.com"], "content_type": ["user", "user"], "object_id": "6", "object_repr": "second@gmail.com", "action_flag": 2, "change_message": "[{\"changed\": {\"fields\": [\"Superuser status\", \"Staff status\"]}}]"}}, {"model": "admin.logentry", "pk": 10, "fields": {"action_time": "2025-06-26T05:26:10.908Z", "user": ["second@gmail.com"], "content_type": ["user", "user"], "object_id": "6", "object_repr": "second@gmail.com", "action_flag": 2, "change_message": "[{\"changed\": {\"fields\": [\"Superuser status\", \"Staff status\"]}}]"}}, {"model": "admin.logentry", "pk": 11, "fields": {"action_time": "2025-06-26T06:02:08.591Z", "user": ["ubun@gmail.com"], "content_type": ["user", "user"], "object_id": "7", "object_repr": "ganeshp.py07@gmail.com", "action_flag": 2, "change_message": "[{\"changed\": {\"fields\": [\"Superuser status\", \"Staff status\"]}}]"}}, {"model": "admin.logentry", "pk": 12, "fields": {"action_time": "2025-06-26T06:53:09.250Z", "user": ["ubun@gmail.com"], "content_type": ["user", "user"], "object_id": "7", "object_repr": "ganeshp.py07@gmail.com", "action_flag": 2, "change_message": "[{\"changed\": {\"fields\": [\"Is email verified\"]}}]"}}, {"model": "admin.logentry", "pk": 13, "fields": {"action_time": "2025-06-27T15:50:16.222Z", "user": ["ubun@gmail.com"], "content_type": ["product", "product"], "object_id": "1", "object_repr": "Egg pack of 12", "action_flag": 1, "change_message": "[{\"added\": {}}]"}}, {"model": "admin.logentry", "pk": 14, "fields": {"action_time": "2025-06-28T03:34:43.638Z", "user": ["ubun@gmail.com"], "content_type": ["product", "product"], "object_id": "1", "object_repr": "Eggs Pack of 12", "action_flag": 2, "change_message": "[{\"changed\": {\"fields\": [\"Is available\"]}}]"}}, {"model": "admin.logentry", "pk": 15, "fields": {"action_time": "2025-06-28T03:44:41.861Z", "user": ["ubun@gmail.com"], "content_type": ["product", "product"], "object_id": "2", "object_repr": "1 liter cow milk", "action_flag": 2, "change_message": "[]"}}, {"model": "admin.logentry", "pk": 16, "fields": {"action_time": "2025-06-28T03:44:52.261Z", "user": ["ubun@gmail.com"], "content_type": ["product", "product"], "object_id": "2", "object_repr": "1 liter cow milk", "action_flag": 2, "change_message": "[{\"changed\": {\"fields\": [\"Is available\"]}}]"}}, {"model": "admin.logentry", "pk": 17, "fields": {"action_time": "2025-06-28T04:28:13.954Z", "user": ["ubun@gmail.com"], "content_type": ["user", "user"], "object_id": "8", "object_repr": "staff@gmail.com", "action_flag": 1, "change_message": "[{\"added\": {}}]"}}, {"model": "admin.logentry", "pk": 18, "fields": {"action_time": "2025-06-28T04:29:22.136Z", "user": ["ubun@gmail.com"], "content_type": ["user", "user"], "object_id": "8", "object_repr": "staff@gmail.com", "action_flag": 3, "change_message": ""}}, {"model": "admin.logentry", "pk": 19, "fields": {"action_time": "2025-06-28T04:58:08.199Z", "user": ["ubun@gmail.com"], "content_type": ["product", "product"], "object_id": "2", "object_repr": "1 liter cow milk", "action_flag": 2, "change_message": "[{\"changed\": {\"fields\": [\"Is available\"]}}]"}}, {"model": "admin.logentry", "pk": 20, "fields": {"action_time": "2025-06-28T04:58:18.085Z", "user": ["ubun@gmail.com"], "content_type": ["product", "product"], "object_id": "1", "object_repr": "Eggs Pack of 12", "action_flag": 2, "change_message": "[{\"changed\": {\"fields\": [\"Is available\"]}}]"}}, {"model": "admin.logentry", "pk": 21, "fields": {"action_time": "2025-06-29T06:38:26.673Z", "user": ["ubun@gmail.com"], "content_type": ["order", "order"], "object_id": "1", "object_repr": "Order object (1)", "action_flag": 1, "change_message": "[{\"added\": {}}]"}}, {"model": "admin.logentry", "pk": 22, "fields": {"action_time": "2025-06-29T06:38:44.039Z", "user": ["ubun@gmail.com"], "content_type": ["order", "orderitem"], "object_id": "1", "object_repr": "OrderItem object (1)", "action_flag": 1, "change_message": "[{\"added\": {}}]"}}, {"model": "admin.logentry", "pk": 23, "fields": {"action_time": "2025-06-29T06:41:19.364Z", "user": ["ubun@gmail.com"], "content_type": ["order", "orderitem"], "object_id": "1", "object_repr": "OrderItem object (1)", "action_flag": 2, "change_message": "[]"}}, {"model": "admin.logentry", "pk": 24, "fields": {"action_time": "2025-06-29T06:41:27.560Z", "user": ["ubun@gmail.com"], "content_type": ["order", "orderitem"], "object_id": "1", "object_repr": "OrderItem object (1)", "action_flag": 2, "change_message": "[{\"changed\": {\"fields\": [\"Quantity\"]}}]"}}, {"model": "admin.logentry", "pk": 25, "fields": {"action_time": "2025-06-29T06:41:41.606Z", "user": ["ubun@gmail.com"], "content_type": ["order", "orderitem"], "object_id": "1", "object_repr": "OrderItem object (1)", "action_flag": 2, "change_message": "[]"}}, {"model": "admin.logentry", "pk": 26, "fields": {"action_time": "2025-06-29T06:54:59.013Z", "user": ["ubun@gmail.com"], "content_type": ["order", "order"], "object_id": "1", "object_repr": "Order object (1)", "action_flag": 2, "change_message": "[]"}}, {"model": "admin.logentry", "pk": 27, "fields": {"action_time": "2025-06-29T07:02:16.398Z", "user": ["ubun@gmail.com"], "content_type": ["order", "order"], "object_id": "1", "object_repr": "Order object (1)", "action_flag": 2, "change_message": "[]"}}, {"model": "admin.logentry", "pk": 28, "fields": {"action_time": "2025-06-29T11:52:49.944Z", "user": ["ubun@gmail.com"], "content_type": ["order", "order"], "object_id": "5", "object_repr": "Order object (5)", "action_flag": 3, "change_message": ""}}, {"model": "admin.logentry", "pk": 29, "fields": {"action_time": "2025-06-29T11:52:49.987Z", "user": ["ubun@gmail.com"], "content_type": ["order", "order"], "object_id": "4", "object_repr": "Order object (4)", "action_flag": 3, "change_message": ""}}, {"model": "admin.logentry", "pk": 30, "fields": {"action_time": "2025-06-29T11:52:49.993Z", "user": ["ubun@gmail.com"], "content_type": ["order", "order"], "object_id": "3", "object_repr": "Order object (3)", "action_flag": 3, "change_message": ""}}, {"model": "admin.logentry", "pk": 31, "fields": {"action_time": "2025-06-29T11:52:49.998Z", "user": ["ubun@gmail.com"], "content_type": ["order", "order"], "object_id": "2", "object_repr": "Order object (2)", "action_flag": 3, "change_message": ""}}, {"model": "admin.logentry", "pk": 32, "fields": {"action_time": "2025-06-30T06:19:53.270Z", "user": ["ubun@gmail.com"], "content_type": ["product", "product"], "object_id": "10", "object_repr": "lemon pickle (without oil) 500gm jar", "action_flag": 1, "change_message": "[{\"added\": {}}]"}}, {"model": "admin.logentry", "pk": 33, "fields": {"action_time": "2025-06-30T22:41:08.647Z", "user": ["ubun@gmail.com"], "content_type": ["user", "user"], "object_id": "11", "object_repr": "new2@gmail.com", "action_flag": 3, "change_message": ""}}, {"model": "admin.logentry", "pk": 34, "fields": {"action_time": "2025-06-30T22:41:08.653Z", "user": ["ubun@gmail.com"], "content_type": ["user", "user"], "object_id": "10", "object_repr": "new@gmail.com", "action_flag": 3, "change_message": ""}}, {"model": "admin.logentry", "pk": 35, "fields": {"action_time": "2025-07-01T07:40:29.470Z", "user": ["ubun@gmail.com"], "content_type": ["user", "user"], "object_id": "7", "object_repr": "ganeshp.py07@gmail.com", "action_flag": 2, "change_message": "[{\"changed\": {\"fields\": [\"Is email verified\"]}}]"}}, {"model": "admin.logentry", "pk": 36, "fields": {"action_time": "2025-07-01T08:03:02.283Z", "user": ["ubun@gmail.com"], "content_type": ["user", "user"], "object_id": "7", "object_repr": "ganeshp.py07@gmail.com", "action_flag": 2, "change_message": "[{\"changed\": {\"fields\": [\"Is email verified\"]}}]"}}, {"model": "admin.logentry", "pk": 37, "fields": {"action_time": "2025-07-02T04:43:07.434Z", "user": ["ubun@gmail.com"], "content_type": ["user", "user"], "object_id": "15", "object_repr": "deliveryboy", "action_flag": 2, "change_message": "[{\"changed\": {\"fields\": [\"Is email verified\"]}}]"}}, {"model": "admin.logentry", "pk": 38, "fields": {"action_time": "2025-07-02T04:43:18.766Z", "user": ["ubun@gmail.com"], "content_type": ["user", "user"], "object_id": "15", "object_repr": "deliveryboy", "action_flag": 2, "change_message": "[{\"changed\": {\"fields\": [\"Role\"]}}]"}}, {"model": "admin.logentry", "pk": 39, "fields": {"action_time": "2025-07-02T04:47:55.271Z", "user": ["ubun@gmail.com"], "content_type": ["user", "user"], "object_id": "9", "object_repr": "staffuser", "action_flag": 2, "change_message": "[{\"changed\": {\"fields\": [\"Is email verified\"]}}]"}}, {"model": "admin.logentry", "pk": 40, "fields": {"action_time": "2025-07-02T05:21:22.803Z", "user": ["ubun@gmail.com"], "content_type": ["user", "user"], "object_id": "6", "object_repr": "second", "action_flag": 2, "change_message": "[{\"changed\": {\"fields\": [\"Is email verified\"]}}]"}}, {"model": "admin.logentry", "pk": 41, "fields": {"action_time": "2025-07-07T06:15:48.794Z", "user": ["ubun@gmail.com"], "content_type": ["order", "order"], "object_id": "12", "object_repr": "Order object (12)", "action_flag": 2, "change_message": "[{\"changed\": {\"fields\": [\"Status\"]}}]"}}, {"model": "admin.logentry", "pk": 42, "fields": {"action_time": "2025-07-07T06:28:42.061Z", "user": ["ubun@gmail.com"], "content_type": ["order", "order"], "object_id": "12", "object_repr": "Order object (12)", "action_flag": 2, "change_message": "[{\"changed\": {\"fields\": [\"Status\"]}}]"}}, {"model": "admin.logentry", "pk": 43, "fields": {"action_time": "2025-07-07T06:29:34.553Z", "user": ["ubun@gmail.com"], "content_type": ["order", "order"], "object_id": "12", "object_repr": "Order object (12)", "action_flag": 2, "change_message": "[{\"changed\": {\"fields\": [\"Status\"]}}]"}}, {"model": "admin.logentry", "pk": 44, "fields": {"action_time": "2025-07-07T06:33:47.844Z", "user": ["ubun@gmail.com"], "content_type": ["order", "order"], "object_id": "12", "object_repr": "Order object (12)", "action_flag": 2, "change_message": "[{\"changed\": {\"fields\": [\"Status\"]}}]"}}, {"model": "admin.logentry", "pk": 45, "fields": {"action_time": "2025-07-07T06:38:39.932Z", "user": ["ubun@gmail.com"], "content_type": ["order", "order"], "object_id": "12", "object_repr": "Order object (12)", "action_flag": 2, "change_message": "[{\"changed\": {\"fields\": [\"Is paid\"]}}]"}}, {"model": "admin.logentry", "pk": 46, "fields": {"action_time": "2025-07-07T06:39:04.790Z", "user": ["ubun@gmail.com"], "content_type": ["order", "order"], "object_id": "12", "object_repr": "Order object (12)", "action_flag": 2, "change_message": "[{\"changed\": {\"fields\": [\"Is paid\"]}}]"}}, {"model": "admin.logentry", "pk": 47, "fields": {"action_time": "2025-07-15T08:09:45.500Z", "user": ["ubun@gmail.com"], "content_type": ["order", "order"], "object_id": "9", "object_repr": "Order 9 - second", "action_flag": 2, "change_message": "[{\"changed\": {\"fields\": [\"Status\"]}}]"}}, {"model": "admin.logentry", "pk": 48, "fields": {"action_time": "2025-07-15T08:17:04.712Z", "user": ["ubun@gmail.com"], "content_type": ["order", "order"], "object_id": "12", "object_repr": "Order 12 - ganesh", "action_flag": 2, "change_message": "[{\"changed\": {\"fields\": [\"Status\"]}}]"}}, {"model": "admin.logentry", "pk": 49, "fields": {"action_time": "2025-07-15T10:40:39.314Z", "user": ["ubun@gmail.com"], "content_type": ["payment", "payment"], "object_id": "2", "object_repr": "Payment object (2)", "action_flag": 2, "change_message": "[{\"changed\": {\"fields\": [\"Status\"]}}]"}}, {"model": "admin.logentry", "pk": 50, "fields": {"action_time": "2025-07-16T04:56:44.771Z", "user": ["ubun@gmail.com"], "content_type": ["product", "product"], "object_id": "11", "object_repr": "mushroom 100gm", "action_flag": 2, "change_message": "[{\"changed\": {\"fields\": [\"Is available\"]}}]"}}, {"model": "admin.logentry", "pk": 51, "fields": {"action_time": "2025-07-16T04:57:41.243Z", "user": ["ubun@gmail.com"], "content_type": ["product", "product"], "object_id": "12", "object_repr": "black mushroom 300gm", "action_flag": 2, "change_message": "[{\"changed\": {\"fields\": [\"Name\", \"Image\"]}}]"}}, {"model": "admin.logentry", "pk": 52, "fields": {"action_time": "2025-07-16T05:09:44.527Z", "user": ["ubun@gmail.com"], "content_type": ["product", "product"], "object_id": "9", "object_repr": "1 liter cow milk", "action_flag": 3, "change_message": ""}}, {"model": "admin.logentry", "pk": 53, "fields": {"action_time": "2025-07-16T05:09:44.532Z", "user": ["ubun@gmail.com"], "content_type": ["product", "product"], "object_id": "8", "object_repr": "1 liter cow milk", "action_flag": 3, "change_message": ""}}, {"model": "admin.logentry", "pk": 54, "fields": {"action_time": "2025-07-16T05:09:44.536Z", "user": ["ubun@gmail.com"], "content_type": ["product", "product"], "object_id": "7", "object_repr": "1 liter cow milk", "action_flag": 3, "change_message": ""}}, {"model": "admin.logentry", "pk": 55, "fields": {"action_time": "2025-07-16T05:09:44.546Z", "user": ["ubun@gmail.com"], "content_type": ["product", "product"], "object_id": "6", "object_repr": "1 liter cow milk", "action_flag": 3, "change_message": ""}}, {"model": "admin.logentry", "pk": 56, "fields": {"action_time": "2025-07-16T05:09:44.551Z", "user": ["ubun@gmail.com"], "content_type": ["product", "product"], "object_id": "5", "object_repr": "1 liter cow milk", "action_flag": 3, "change_message": ""}}, {"model": "admin.logentry", "pk": 57, "fields": {"action_time": "2025-07-16T05:09:44.556Z", "user": ["ubun@gmail.com"], "content_type": ["product", "product"], "object_id": "4", "object_repr": "1 liter cow milk", "action_flag": 3, "change_message": ""}}, {"model": "admin.logentry", "pk": 58, "fields": {"action_time": "2025-07-16T05:09:44.559Z", "user": ["ubun@gmail.com"], "content_type": ["product", "product"], "object_id": "3", "object_repr": "1 liter cow milk", "action_flag": 3, "change_message": ""}}, {"model": "admin.logentry", "pk": 59, "fields": {"action_time": "2025-07-16T05:12:00.252Z", "user": ["ubun@gmail.com"], "content_type": ["user", "user"], "object_id": "2", "object_repr": "win", "action_flag": 2, "change_message": "[{\"changed\": {\"fields\": [\"Is email verified\"]}}]"}}, {"model": "admin.logentry", "pk": 60, "fields": {"action_time": "2025-07-19T07:36:22.439Z", "user": ["ubun@gmail.com"], "content_type": ["user", "user"], "object_id": "16", "object_repr": "admin", "action_flag": 2, "change_message": "[{\"changed\": {\"fields\": [\"Superuser status\", \"Staff status\", \"Role\", \"Is email verified\"]}}]"}}]